"IV","DV","N","beta","se","CI_low","CI_high","t","df_error","p_two_tailed"
"DaysDriving","LIFESATISFACTION",2457,-0.00521307419544233,0.0192516877071325,-0.0429644536500271,0.0325383052591425,-0.270785308527051,2435,0.786579110441567
"Miles_n","LIFESATISFACTION",2455,0.0230396107354419,0.0199539704157625,-0.0160889180562934,0.0621681395271772,1.15463791192363,2433,0.24835212804117
"Trips","LIFESATISFACTION",2455,0.000198902499222022,0.0191766732740374,-0.0374053936232246,0.0378031986216686,0.0103721065890667,2433,0.991725255038243
"TripMinutes_n","LIFESATISFACTION",2456,-0.0155374676192974,0.0197394603217696,-0.0542453471791455,0.0231704119405506,-0.78712727531674,2434,0.431283999464048
"TripChains","LIFESATISFACTION",2457,-0.0163706251235432,0.019631136911826,-0.0548660812080857,0.0221248309609993,-0.833911209374808,2435,0.404412815833036
"MilesPerTrip_n","LIFESATISFACTION",2453,0.0453487667165958,0.0201615422361027,0.00581318595419412,0.0848843474789974,2.24927072470632,2431,0.0245844392668177
"MinutesPerTrip_n","LIFESATISFACTION",2453,-0.00775780665130936,0.0196486781381658,-0.0462876915335708,0.0307720782309521,-0.394825880741592,2431,0.693006030388944
"MilesPerChain_n","LIFESATISFACTION",2454,0.0685870257895011,0.0195820534129923,0.0301877958810847,0.106986255697918,3.50254512859183,2432,0.000469146677426827
"MinutesPerChain_n","LIFESATISFACTION",2454,0.0307740850526543,0.0193991324642692,-0.00726644786842649,0.0688146179737352,1.58636398350991,2432,0.112786767192149
"Average_speed","LIFESATISFACTION",2455,0.110692764800086,0.0221661049930986,0.067226373933938,0.154159155666234,4.99378509821865,2433,0.000000634045038584042
"LeftTurnCount","LIFESATISFACTION",2455,-0.00922432103616628,0.019738917297788,-0.047931143674034,0.0294825016017014,-0.467316464069687,2433,0.640315327833217
"RightToLeftTurnRatio_n","LIFESATISFACTION",2457,-0.00627625853002206,0.0211702366659689,-0.0477897948847728,0.0352372778247287,-0.296466148633621,2435,0.766899398297639
"TripsAMPeak","LIFESATISFACTION",2456,0.0511362909442371,0.0194825812188748,0.0129321356612545,0.0893404462272197,2.62471847902249,2434,0.00872629968743092
"PercentTripsAMPeak_n","LIFESATISFACTION",2453,0.0776505107141942,0.0194235158022398,0.0395621557314021,0.115738865696986,3.99775774400431,2431,0.0000658507269830497
"TripsPMPeak","LIFESATISFACTION",2457,-0.059418131884687,0.0193954467304822,-0.097451413971553,-0.0213848497978212,-3.06350932310852,2435,0.00221152688900817
"PercentTripsPMPeak_n","LIFESATISFACTION",2454,-0.0934631058193515,0.0194003027618651,-0.131505933623686,-0.055420278015017,-4.81761068198742,2432,0.00000154224812943642
"TripsAtNight","LIFESATISFACTION",2452,-0.0311524129326097,0.0199174336776247,-0.0702093193904277,0.00790449352520826,-1.56407765361892,2430,0.117929543578655
"PercentTripsAtNight_n","LIFESATISFACTION",2451,-0.0229817714609395,0.0199808061578124,-0.0621629556331867,0.0161994127113077,-1.150192403621,2429,0.250177858755332
"TripsLt15Miles","LIFESATISFACTION",2454,-0.00216716449546653,0.0192028829128366,-0.0398228638403156,0.0354885348493826,-0.112856205253319,2432,0.910153871877191
"PercentDistLt15Miles_n","LIFESATISFACTION",2450,-0.0231527901479916,0.0203885226671347,-0.0631334905930843,0.0168279102971012,-1.13557958690713,2428,0.256244636400366
"TripsVgt60","LIFESATISFACTION",2455,0.00353822559644452,0.0211095897565898,-0.037856402808936,0.044932854001825,0.167612238667025,2433,0.866902272422886
"PercentTripsVgt60_n","LIFESATISFACTION",2451,0.0228488065892503,0.0216212187431216,-0.0195491300561369,0.0652467432346374,1.05677699581663,2429,0.29071846506172
"SpeedingPer1000Miles","LIFESATISFACTION",2449,-0.0389014958647818,0.0200409859676125,-0.078200705245096,0.000397713515532458,-1.94109690649198,2427,0.0523621520226534
"DecelerationPer1000Miles","LIFESATISFACTION",2454,-0.0768353063594545,0.0194015406841371,-0.114880561654968,-0.038790051063941,-3.96026829056292,2432,0.0000770164421393371
"DaysDriving","cog",2457,-0.0530358606683745,0.0195555500612128,-0.0913830955723804,-0.0146886257643687,-2.71206181888832,2435,0.00673361795162103
"Miles_n","cog",2455,-0.0875845666379464,0.0201989614412024,-0.127193508008878,-0.047975625267015,-4.33609257054618,2433,0.0000150944210741189
"Trips","cog",2455,-0.0424929886738397,0.0195175829667413,-0.0807657880790119,-0.00422018926866744,-2.17716449553458,2433,0.0295641110176551
"TripMinutes_n","cog",2456,-0.0694923401225014,0.0200130205288759,-0.108736654588696,-0.030248025656307,-3.4723564102797,2434,0.000524910244666473
"TripChains","cog",2457,-0.0289259006297848,0.0200057581479546,-0.0681559659938867,0.010304164734317,-1.44587875230023,2435,0.148339904129797
"MilesPerTrip_n","cog",2453,-0.0605108835596179,0.0204705318114153,-0.100652374433778,-0.0203693926854573,-2.95599958599387,2431,0.003146562035409
"MinutesPerTrip_n","cog",2453,-0.0425752234665664,0.0199469281038596,-0.0816899587272358,-0.00346048820589695,-2.13442507261698,2431,0.0329077705517434
"MilesPerChain_n","cog",2454,-0.0456597518557306,0.0199439747912531,-0.0847686878363094,-0.00655081587515175,-2.28940080067468,2432,0.0221413899694979
"MinutesPerChain_n","cog",2454,-0.03452119145998,0.0197186206369106,-0.0731882214871375,0.00414583856717746,-1.75068997449857,2432,0.080125406497732
"Average_speed","cog",2455,-0.0864738618256686,0.0225839333584694,-0.130759588838146,-0.0421881348131917,-3.82899915852078,2433,0.000131914344713125
"LeftTurnCount","cog",2455,-0.0434624883504704,0.0200512950561914,-0.0827818648740515,-0.00414311182688933,-2.16756514871842,2433,0.0302884811955677
"RightToLeftTurnRatio_n","cog",2457,-0.0189956448733347,0.0215390579090977,-0.0612324170769149,0.0232411273302456,-0.881916235775161,2435,0.377909153311867
"TripsAMPeak","cog",2456,-0.0267536383597184,0.019819528672718,-0.0656185270796217,0.0121112503601848,-1.34986249176275,2434,0.177185614264225
"PercentTripsAMPeak_n","cog",2453,-0.0108759064714494,0.0198129718899236,-0.0497279615932349,0.027976148650336,-0.548928577291358,2431,0.58310487786515
"TripsPMPeak","cog",2457,-0.0288144275696909,0.0198097766796604,-0.0676601852882401,0.0100313301488583,-1.45455590114128,2435,0.14592113330847
"PercentTripsPMPeak_n","cog",2454,0.00190875668016993,0.0198276641531834,-0.0369721011291446,0.0407896144894844,0.0962673497706728,2432,0.923316173438768
"TripsAtNight","cog",2452,-0.0284480523019439,0.0202404782880299,-0.0681384300861644,0.0112423254822765,-1.40550296772226,2430,0.1599996033362
"PercentTripsAtNight_n","cog",2451,-0.0179812146298987,0.0203005878170089,-0.0577894718033514,0.021827042543554,-0.885748471521257,2429,0.375840759781199
"TripsLt15Miles","cog",2454,-0.0278765613951504,0.0195657154993213,-0.0662437536367274,0.0104906308464266,-1.42476575395965,2432,0.154353233197323
"PercentDistLt15Miles_n","cog",2450,0.0340106992590019,0.0207363547684514,-0.00665207959240651,0.0746734781104104,1.64014840789406,2428,0.101103848840668
"TripsVgt60","cog",2455,-0.0564073678480434,0.0214476994367163,-0.0984650088808829,-0.0143497268152039,-2.62999619210812,2433,0.00859239055832193
"PercentTripsVgt60_n","cog",2451,-0.0430723092505083,0.0218801952737916,-0.0859780836209765,-0.000166534880040148,-1.96855232375832,2429,0.0491180688156291
"SpeedingPer1000Miles","cog",2449,-0.02053134297465,0.0203182068690285,-0.0603741664399676,0.0193114804906676,-1.01048990725389,2427,0.312361361814073
"DecelerationPer1000Miles","cog",2454,0.0194061837571793,0.0197838929507936,-0.0193888413547932,0.0582012088691519,0.980908247201209,2432,0.326735557570141
"DaysDriving","phys",2444,-0.0791778029438753,0.0199950856943499,-0.118387044941338,-0.0399685609464126,-3.95986314608538,2422,0.0000771553544097231
"Miles_n","phys",2442,-0.0518108389411255,0.0207014673048,-0.092405272446378,-0.011216405435873,-2.50276167279757,2420,0.0123883007655312
"Trips","phys",2442,-0.0797917800033188,0.0198432421273981,-0.118703281357742,-0.0408802786488951,-4.02110600127931,2420,0.000059698609415556
"TripMinutes_n","phys",2443,-0.00819193258576724,0.0204803648972521,-0.0483527881862649,0.0319689230147304,-0.399989581575589,2421,0.689199477934773
"TripChains","phys",2444,-0.0628163720121203,0.0203335493633807,-0.102689322288169,-0.0229434217360715,-3.08929694907315,2422,0.00202908614355018
"MilesPerTrip_n","phys",2440,-0.0013434920871197,0.0208903143876922,-0.0423082612418835,0.0396212770676441,-0.0643117217954002,2418,0.948727336144867
"MinutesPerTrip_n","phys",2440,0.0819334779453575,0.020249959847407,0.0422244091804089,0.121642546710306,4.04610569911077,2418,0.0000537105034235576
"MilesPerChain_n","phys",2441,0.00911678669754396,0.0203464212003621,-0.0307814292686319,0.0490150026637198,0.448078146410421,2419,0.654136926053969
"MinutesPerChain_n","phys",2441,0.0628990016915556,0.0200604485248405,0.0235615624563847,0.102236440926727,3.13547334765068,2419,0.00173637033234894
"Average_speed","phys",2442,-0.122148407092402,0.0229665634144436,-0.167184568908604,-0.0771122452761994,-5.3185322021484,2420,0.00000011420193105999
"LeftTurnCount","phys",2442,-0.0471695797271871,0.0204626925394957,-0.0872957891114067,-0.00704337034296743,-2.30515019644377,2420,0.0212423904727213
"RightToLeftTurnRatio_n","phys",2444,0.0430890425837503,0.0219392286652592,0.0000674452211095189,0.086110639946391,1.96401811755496,2422,0.04964220136635
"TripsAMPeak","phys",2443,-0.089813175504416,0.0202021491822214,-0.129428465573577,-0.0501978854352548,-4.44572380365622,2421,0.00000915469956228013
"PercentTripsAMPeak_n","phys",2440,-0.08605643310999,0.0201494264328866,-0.12556836132254,-0.0465445048974399,-4.2709122960212,2418,0.0000202197781996883
"TripsPMPeak","phys",2444,-0.018268288634486,0.0201784758502473,-0.057837148445668,0.0213005711766961,-0.905335406403456,2422,0.36537777290817
"PercentTripsPMPeak_n","phys",2441,0.0478943681210061,0.0202157705380887,0.00825235093731756,0.0875363853046946,2.36915867395545,2419,0.0179067147858411
"TripsAtNight","phys",2439,-0.0120625151039466,0.0207506697641142,-0.0527534571859659,0.0286284269780726,-0.581307265792805,2417,0.561087588472544
"PercentTripsAtNight_n","phys",2438,0.0037978455026857,0.0207452213838771,-0.0368824210361075,0.0444781120414789,0.183070859182893,2416,0.854757781301432
"TripsLt15Miles","phys",2441,-0.0861281974162812,0.019843500923278,-0.125040214304434,-0.0472161805281287,-4.34037308987377,2419,0.0000148089812333962
"PercentDistLt15Miles_n","phys",2437,-0.00191625707131248,0.02112754738529,-0.0433462529927924,0.0395137388501674,-0.0906994567976531,2415,0.927738923978917
"TripsVgt60","phys",2442,-0.00732055593718301,0.0219603770410311,-0.0503836418729179,0.0357425299985519,-0.333352925749187,2420,0.738896771355767
"PercentTripsVgt60_n","phys",2438,0.0262492053243576,0.0224056764255877,-0.0176871244987238,0.070185535147439,1.17154264061318,2416,0.241496250484157
"SpeedingPer1000Miles","phys",2436,0.0121088715518228,0.0208033459055401,-0.0286853909969603,0.0529031341006058,0.582063654894959,2414,0.560578158919418
"DecelerationPer1000Miles","phys",2441,0.050125852733661,0.0201288071256653,0.0106543660317638,0.0895973394355583,2.49025451040007,2419,0.0128318025564809
"DaysDriving","fati",2454,-0.044954179555516,0.0202513744375711,-0.0846659077685427,-0.00524245134248926,-2.21980881811731,2432,0.0265236459629877
"Miles_n","fati",2452,-0.0538463350720402,0.0209410352860957,-0.0949104635906521,-0.0127822065534284,-2.57133108924145,2430,0.0101898224565756
"Trips","fati",2452,-0.0366642706836604,0.0201384793458362,-0.0761546345901627,0.00282609322284197,-1.82060770597563,2430,0.0687894511176955
"TripMinutes_n","fati",2453,-0.0249104957732331,0.0207336461855467,-0.0655679382282006,0.0157469466817345,-1.20145272810713,2431,0.229692667705549
"TripChains","fati",2454,-0.0148283380453562,0.0206406922647775,-0.0553034951204666,0.0256468190297543,-0.718403135667116,2432,0.472577763411723
"MilesPerTrip_n","fati",2450,-0.0278519966871518,0.0211670778242455,-0.0693593982583935,0.0136554048840898,-1.31581680373704,2428,0.188359759821063
"MinutesPerTrip_n","fati",2450,0.0122600112901444,0.0205903417156564,-0.0281164445048964,0.0526364670851853,0.595425343563981,2428,0.551614681147262
"MilesPerChain_n","fati",2451,-0.0446554631296137,0.0205984017330145,-0.0850477158535918,-0.00426321040563555,-2.16790912753397,2429,0.0302624224665096
"MinutesPerChain_n","fati",2451,-0.0139357480065112,0.0203683588495407,-0.0538769001836088,0.0260054041705864,-0.684186100090505,2429,0.493922926809536
"Average_speed","fati",2452,-0.0875787732595135,0.0233219572159669,-0.133311748508255,-0.0418457980107724,-3.75520683999688,2430,0.000177264984180892
"LeftTurnCount","fati",2452,-0.0324943583423653,0.0207249377501507,-0.0731347324062728,0.0081460157215422,-1.56788689713334,2430,0.117037730775824
"RightToLeftTurnRatio_n","fati",2454,0.0104953688283152,0.0222366104656821,-0.0331092879279116,0.054100025584542,0.471986000047659,2432,0.636979125262541
"TripsAMPeak","fati",2453,-0.0455315283674447,0.0204726470109726,-0.0856771670216684,-0.00538588971322092,-2.22401765355703,2431,0.0262387976760161
"PercentTripsAMPeak_n","fati",2450,-0.0488454723106913,0.0204272308708137,-0.0889020772791927,-0.00878886734218982,-2.39119402035454,2428,0.0168693937458299
"TripsPMPeak","fati",2454,0.0144021457223721,0.0204386526804043,-0.0256768238698771,0.0544811153146212,0.704652402855312,2432,0.481094050594052
"PercentTripsPMPeak_n","fati",2451,0.0562953636454465,0.0204304150668914,0.0162325228807191,0.096358204410174,2.75546842592916,2429,0.00590454930357389
"TripsAtNight","fati",2449,0.00921827241360369,0.0210125519054084,-0.0319861213362784,0.0504226661634858,0.438703135873325,2427,0.660915703262344
"PercentTripsAtNight_n","fati",2448,0.0188864294618634,0.0210106930421384,-0.0223143276387614,0.0600871865624883,0.8988960727752,2426,0.368797227470989
"TripsLt15Miles","fati",2451,-0.041626762446343,0.0201552086024413,-0.0811499395416546,-0.00210358535103134,-2.06531042508292,2429,0.03899950211902
"PercentDistLt15Miles_n","fati",2447,-0.000313177640996409,0.0213721348965374,-0.0422227099956534,0.0415963547136606,-0.0146535497044401,2425,0.988309782752766
"TripsVgt60","fati",2452,-0.0119115512382685,0.0221873683834653,-0.0554196650607666,0.0315965625842297,-0.536861832029856,2430,0.591412205913438
"PercentTripsVgt60_n","fati",2448,-0.0113222448779111,0.0227033629845169,-0.0558422300976466,0.0331977403418244,-0.49870342493456,2426,0.618033543905999
"SpeedingPer1000Miles","fati",2446,0.0160446472460943,0.0210584268855828,-0.0252497301749217,0.0573390246671104,0.761911007563388,2424,0.446187243419135
"DecelerationPer1000Miles","fati",2451,0.0301362521868993,0.0204417315572727,-0.00994877954901889,0.0702212839228174,1.47425144012213,2429,0.140543491553775
"DaysDriving","socialrole",2418,-0.0416929328128284,0.020382795330772,-0.081662668524932,-0.00172319710072485,-2.04549631864696,2396,0.0409149481691887
"Miles_n","socialrole",2416,-0.0564028328867783,0.0210062574931933,-0.0975951669698675,-0.0152104988036891,-2.68504910525135,2394,0.00730193773195279
"Trips","socialrole",2416,-0.0504669974975002,0.0202168573921974,-0.0901113531891037,-0.0108226418058968,-2.49628300375595,2394,0.0126170118739178
"TripMinutes_n","socialrole",2417,-0.0266157996312167,0.0207647748956248,-0.0673345885104882,0.0141029892480549,-1.28177645869037,2395,0.200045144303424
"TripChains","socialrole",2418,-0.0291367927664841,0.0206863178845969,-0.0697017224184852,0.011428136885517,-1.40850551214721,2396,0.159111182337754
"MilesPerTrip_n","socialrole",2414,-0.0181958555469454,0.0212423966429159,-0.0598512655885427,0.0234595544946519,-0.856582044522433,2392,0.391761715267776
"MinutesPerTrip_n","socialrole",2414,0.0282979039652168,0.0205392199768846,-0.0119786074121855,0.068574415342619,1.37774969044901,2392,0.168409463374479
"MilesPerChain_n","socialrole",2415,-0.046688238509388,0.0207136694512481,-0.0873068290773084,-0.0060696479414675,-2.25398201990593,2393,0.0242874248857858
"MinutesPerChain_n","socialrole",2415,-0.0106498428151562,0.0204221144161553,-0.0506967068415132,0.0293970212112009,-0.521485806911912,2393,0.602076648085216
"Average_speed","socialrole",2416,-0.0964072290360961,0.0234694883366511,-0.142429848945224,-0.0503846091269685,-4.10776867621531,2394,0.0000412918141525036
"LeftTurnCount","socialrole",2416,-0.0570741297791188,0.0207407797252566,-0.0977458737993649,-0.0164023857588728,-2.75178322778377,2394,0.00597183413489752
"RightToLeftTurnRatio_n","socialrole",2418,0.0214107070661238,0.0222860177495701,-0.0222911613513438,0.0651125754835913,0.960723773386422,2396,0.336788013864106
"TripsAMPeak","socialrole",2417,-0.058393750407086,0.0205698078088363,-0.0987302176052774,-0.0180572832088946,-2.8388087506584,2395,0.00456639881068081
"PercentTripsAMPeak_n","socialrole",2414,-0.0515711221056887,0.0205724727270918,-0.0919128406707815,-0.0112294035405958,-2.50680230761832,2392,0.0122487238610342
"TripsPMPeak","socialrole",2418,0.0129056585239503,0.0204558080845572,-0.0272072518815676,0.0530185689294681,0.630904360786079,2396,0.528163234684626
"PercentTripsPMPeak_n","socialrole",2415,0.081740172921957,0.0203767398444293,0.0417822864258958,0.121698059418018,4.01144508621205,2393,0.0000621993655701351
"TripsAtNight","socialrole",2414,-0.0141904044399896,0.0209409142202884,-0.0552546206466355,0.0268738117666563,-0.677640158911563,2392,0.498065413696568
"PercentTripsAtNight_n","socialrole",2413,0.0122946223019656,0.0211258517914108,-0.0291322571583949,0.0537215017623261,0.581970489207174,2391,0.560641425096796
"TripsLt15Miles","socialrole",2415,-0.0516817029026438,0.0202195792582078,-0.0913314044332083,-0.0120320013720793,-2.55602266707228,2393,0.0106489009733441
"PercentDistLt15Miles_n","socialrole",2411,-0.00323618104518755,0.0214128591199656,-0.0452258872372725,0.0387535251468974,-0.151132598736901,2389,0.879883877666322
"TripsVgt60","socialrole",2416,-0.0400754814914167,0.0221402103096754,-0.0834914464743043,0.003340483491471,-1.810076820901,2394,0.0704092155779358
"PercentTripsVgt60_n","socialrole",2412,-0.0179393127078313,0.0227318108217979,-0.0625154176472043,0.0266367922315418,-0.789172180274745,2390,0.43008965767837
"SpeedingPer1000Miles","socialrole",2410,-0.0166911097610831,0.0211045364089333,-0.0580762170122937,0.0246939974901275,-0.790877820657458,2388,0.429093829875102
"DecelerationPer1000Miles","socialrole",2415,0.000365769109370566,0.0204482239475507,-0.0397322945544126,0.0404638327731537,0.0178875735275962,2393,0.985730033516847
"DaysDriving","iso",2441,-0.047379274229808,0.0203902097576683,-0.0873633571550447,-0.00739519130457117,-2.32362858415371,2419,0.0202278961181501
"Miles_n","iso",2439,-0.0656629845984917,0.0210974284778879,-0.107033901780062,-0.0242920674169214,-3.11236910542498,2417,0.00187762421550995
"Trips","iso",2439,-0.0496119903457985,0.0202833583115335,-0.0893865599218995,-0.00983742076969744,-2.44594556699164,2417,0.0145181309052288
"TripMinutes_n","iso",2440,-0.0639631820833299,0.0208587920250401,-0.104866137601147,-0.0230602265655123,-3.06648544204021,2418,0.00218988203194541
"TripChains","iso",2441,-0.0328167010460897,0.0207551227072264,-0.0735163582498175,0.00788295615763816,-1.58113741407386,2419,0.113977355449318
"MilesPerTrip_n","iso",2437,-0.0398021667029085,0.0213381746687864,-0.0816451915168138,0.0020408581109967,-1.86530325675567,2415,0.062260088880109
"MinutesPerTrip_n","iso",2437,-0.0418563474081539,0.0207818765367374,-0.0826085011937463,-0.00110419362256139,-2.01407930290423,2415,0.0441119013798104
"MilesPerChain_n","iso",2438,-0.0464029927448301,0.0207636410298822,-0.0871193792215682,-0.00568660626809202,-2.234819638716,2416,0.0255202801898627
"MinutesPerChain_n","iso",2438,-0.0437622893332887,0.0205134330485728,-0.08398803137768,-0.00353654728889745,-2.13334790084459,2416,0.0329966835717848
"Average_speed","iso",2439,-0.0446907000378935,0.023562703717233,-0.0908958887451911,0.00151448866940412,-1.89667113647947,2417,0.0579904776161865
"LeftTurnCount","iso",2439,-0.0526815348000201,0.0208796963995649,-0.0936254911418125,-0.0117375784582276,-2.52309869798288,2417,0.0116962349022907
"RightToLeftTurnRatio_n","iso",2441,0.0343001938060357,0.0223924800536936,-0.00961023134453829,0.0782106189566097,1.53177288642389,2419,0.125709249366771
"TripsAMPeak","iso",2440,-0.0438779805231878,0.0206375518507584,-0.0843470961045155,-0.00340886494186013,-2.12612333286883,2418,0.0335940417907955
"PercentTripsAMPeak_n","iso",2437,-0.0389160744571592,0.0206615234334262,-0.0794322222128803,0.00160007329856195,-1.88350460132097,2415,0.0597520781111219
"TripsPMPeak","iso",2441,-0.0338029274394544,0.0205406431800951,-0.0740820020547488,0.00647614717583991,-1.64566061262439,2419,0.0999635655399607
"PercentTripsPMPeak_n","iso",2438,0.00622726402628671,0.0206886284531116,-0.0343420268104328,0.0467965548630062,0.300999364960325,2416,0.763440879779297
"TripsAtNight","iso",2436,-0.0329466473107587,0.0210619611416521,-0.0742480406782557,0.00835474605673835,-1.56427253327343,2414,0.1178846525921
"PercentTripsAtNight_n","iso",2435,-0.0244028049605719,0.0211179770767455,-0.0658140512271411,0.0170084413059974,-1.1555465218988,2413,0.247981099002411
"TripsLt15Miles","iso",2438,-0.0385373615547314,0.0203189188768024,-0.0783816717403457,0.00130694863088288,-1.89662460824767,2416,0.0579966748950485
"PercentDistLt15Miles_n","iso",2434,0.0188874838519311,0.0215281332689751,-0.0233280659949891,0.0611030336988512,0.877339600974623,2412,0.380389584636202
"TripsVgt60","iso",2439,-0.0650895657330194,0.0222845779498718,-0.108788418877926,-0.021390712588113,-2.92083457355287,2417,0.00352329168297534
"PercentTripsVgt60_n","iso",2435,-0.0520716090471537,0.0228470909226896,-0.0968735569437656,-0.0072696611505418,-2.27913519595797,2413,0.0227460017901883
"SpeedingPer1000Miles","iso",2433,-0.0248784194897019,0.0212059997054951,-0.066462290829229,0.0167054518498251,-1.17317833798023,2411,0.240840184906161
"DecelerationPer1000Miles","iso",2438,0.0408277254599956,0.0205185984976581,0.000591854246978246,0.0810635966730129,1.98979113825223,2416,0.0467264978810709
"DaysDriving","info",2449,-0.0129203449091448,0.0198054529293675,-0.05175768768265,0.0259169978643604,-0.652363011097136,2427,0.514228799732589
"Miles_n","info",2447,-0.0250779622837639,0.0204783266634307,-0.0652347878898633,0.0150788633223355,-1.22460993497809,2425,0.220841169289195
"Trips","info",2447,-0.0425048623493022,0.0196294670918716,-0.0809971229575182,-0.00401260174108622,-2.16535997387841,2425,0.0304573431068087
"TripMinutes_n","info",2448,-0.0311608303791411,0.0202301200479049,-0.0708309288636877,0.00850926810540562,-1.54031860934845,2426,0.123613125970572
"TripChains","info",2449,0.00261345976287229,0.0201224929039255,-0.036845579985134,0.0420724995108786,0.129877534326895,2427,0.896674081486848
"MilesPerTrip_n","info",2445,-0.00879688665109224,0.0206731228007419,-0.049335713034134,0.0317419397319495,-0.425522875081868,2423,0.670493339967858
"MinutesPerTrip_n","info",2445,-0.00666657282366351,0.0201428162177603,-0.046165497944352,0.032832352297025,-0.330965280703175,2423,0.740699329093115
"MilesPerChain_n","info",2446,-0.046832941594703,0.0200965433645677,-0.0862411201382972,-0.0074247630511087,-2.33039785723919,2424,0.019866800357646
"MinutesPerChain_n","info",2446,-0.0491918346625636,0.0198490289121639,-0.0881146514424207,-0.0102690178827065,-2.47829931027093,2424,0.0132686470504428
"Average_speed","info",2447,-0.0204412072273086,0.0228348569433497,-0.0652190537323073,0.0243366392776901,-0.895175620237977,2425,0.370782057898503
"LeftTurnCount","info",2447,-0.0411537763631794,0.0201894629988773,-0.0807441568689511,-0.00156339585740765,-2.03837894873518,2425,0.0416203275141193
"RightToLeftTurnRatio_n","info",2449,0.0470338242474602,0.0216579071789942,0.00456392629222985,0.0895037222026906,2.17166985982273,2427,0.0299771299324836
"TripsAMPeak","info",2448,0.0020607610551652,0.0199929394717089,-0.0371442400006942,0.0412657621110246,0.103074440758514,2426,0.917912409507822
"PercentTripsAMPeak_n","info",2445,0.0322262001981722,0.0199294478110128,-0.0068543215259838,0.0713067219223281,1.61701420449614,2423,0.106005385470373
"TripsPMPeak","info",2449,-0.0325745126836916,0.0199085464399635,-0.0716140158431783,0.00646499047579509,-1.63620748415379,2427,0.101925829883157
"PercentTripsPMPeak_n","info",2446,-0.00404541080468958,0.019991536165834,-0.0432476762038694,0.0351568545944903,-0.202356175690154,2424,0.839655267940524
"TripsAtNight","info",2444,-0.0573302722367884,0.0203618868347437,-0.0972587907054047,-0.017401753768172,-2.81556776648837,2422,0.00490850629696384
"PercentTripsAtNight_n","info",2443,-0.0644975353043578,0.0203873766847916,-0.104476046196062,-0.0245190244126536,-3.16360149231319,2421,0.0015776209593045
"TripsLt15Miles","info",2446,-0.039769451242702,0.019648158924081,-0.0782983734004432,-0.00124052908496084,-2.02408029151068,2424,0.0430713739625713
"PercentDistLt15Miles_n","info",2442,-0.0121118413817804,0.0208912851430633,-0.0530784971793001,0.0288548144157393,-0.579755687543328,2420,0.562133352111507
"TripsVgt60","info",2447,-0.0510398553679495,0.0215897865975685,-0.0933761902414267,-0.00870352049447241,-2.36407410222841,2425,0.0181536022148354
"PercentTripsVgt60_n","info",2443,-0.0362697722701726,0.0220958284574005,-0.0795984619933764,0.00705891745303117,-1.64147600711594,2421,0.100828528998975
"SpeedingPer1000Miles","info",2441,0.000428918175779611,0.020587759669925,-0.0399425492917166,0.0408003856432758,0.0208336498315639,2419,0.983380073105457
"DecelerationPer1000Miles","info",2446,0.0330031736790754,0.0199378025062989,-0.00609372306986718,0.0721000704280179,1.6553064796709,2424,0.0979917931104406
"DaysDriving","emo",2452,-0.026939378013305,0.0200514043048002,-0.066258992927362,0.0123802369007519,-1.34351577594273,2430,0.179230465477405
"Miles_n","emo",2450,-0.0416937948152375,0.0207910291057985,-0.0824637868443338,-0.000923802786141126,-2.00537426998308,2428,0.0450338366682314
"Trips","emo",2450,-0.0536866451936285,0.0199299451579756,-0.0927681019650194,-0.0146051884222375,-2.69376783368338,2428,0.00711354767955065
"TripMinutes_n","emo",2451,-0.0509014345344147,0.0205342869180583,-0.0911679618820928,-0.0106349071867366,-2.47885084773267,2429,0.0132480622339629
"TripChains","emo",2452,-0.0228487628093081,0.0204463528027624,-0.0629428483097988,0.0172453226911826,-1.1174982173946,2430,0.263891832917925
"MilesPerTrip_n","emo",2448,-0.0254639336458528,0.0210344040892442,-0.0667111867421332,0.0157833194504276,-1.21058497962743,2426,0.226172430274145
"MinutesPerTrip_n","emo",2448,-0.0288745533963596,0.0204693207173785,-0.0690137105959865,0.0112646038032674,-1.41062587249634,2426,0.158483167081619
"MilesPerChain_n","emo",2449,-0.0289854803286175,0.0204476483290367,-0.069082130978265,0.0111111703210299,-1.4175459134563,2427,0.156451745694845
"MinutesPerChain_n","emo",2449,-0.0256540327280435,0.0201903675216851,-0.0652461706589062,0.0139381052028193,-1.27060751620743,2427,0.20399009321211
"Average_speed","emo",2450,-0.0275725181383425,0.0232185033175629,-0.0731026451160678,0.0179576088393827,-1.18752349198521,2428,0.235137356048876
"LeftTurnCount","emo",2450,-0.0541052625903971,0.0205082016032405,-0.094320646429287,-0.0138898787515072,-2.6382256054011,2428,0.0083873306515878
"RightToLeftTurnRatio_n","emo",2452,0.0332200900173608,0.022035022998999,-0.00998928353936397,0.0764294635740855,1.50760405463928,2430,0.131785883691948
"TripsAMPeak","emo",2451,-0.021653289265313,0.0203134106519568,-0.0614866912629403,0.0181801127323142,-1.06596029767296,2429,0.286547530915936
"PercentTripsAMPeak_n","emo",2448,0.00848341034061358,0.0202831192501906,-0.0312906165224745,0.0482574372037017,0.418249788702193,2426,0.675801515916231
"TripsPMPeak","emo",2452,-0.0441138275537493,0.0202127081917033,-0.0837497498256731,-0.00447790528182549,-2.18247981098627,2430,0.0291695835897819
"PercentTripsPMPeak_n","emo",2449,-0.0116739508526419,0.0202864282530379,-0.0514544582978969,0.0281065565926131,-0.575456196972168,2427,0.565036154110462
"TripsAtNight","emo",2447,-0.0466826733556523,0.0207052566411003,-0.0872844956496083,-0.00608085106169635,-2.25462906182899,2425,0.0242454961377586
"PercentTripsAtNight_n","emo",2446,-0.0460850725629353,0.0207533759033169,-0.0867812623575544,-0.00538888276831616,-2.22060607284474,2424,0.0264697805396798
"TripsLt15Miles","emo",2449,-0.0479071513797071,0.0199607915261499,-0.0870491041184935,-0.00876519864092084,-2.40006270878315,2427,0.0164671675880205
"PercentDistLt15Miles_n","emo",2445,0.00145110346376597,0.0212545988650185,-0.0402279646448634,0.0431301715723953,0.0682724464941206,2423,0.945574390675092
"TripsVgt60","emo",2450,-0.0666907750038856,0.0219447374499934,-0.109723121616652,-0.0236584283911188,-3.0390327136908,2428,0.00239869674344239
"PercentTripsVgt60_n","emo",2446,-0.0513803981765829,0.0224856049117897,-0.0954733905359976,-0.00728740581716817,-2.28503517597799,2424,0.0223967786625364
"SpeedingPer1000Miles","emo",2444,0.00607659725094428,0.0208717381571402,-0.0348517110754478,0.0470049055773364,0.291139971438626,2422,0.770969200002713
"DecelerationPer1000Miles","emo",2449,0.0405254418485042,0.0202586746222033,0.000799357661216527,0.0802515260357919,2.00039946364945,2427,0.0455683667741069
"DaysDriving","ins",2405,-0.0192332153372723,0.0194031741003679,-0.0572820632243559,0.0188156325498113,-0.991240672159286,2383,0.321668711443286
"Miles_n","ins",2403,-0.044903059755429,0.0200439462678621,-0.0842084529965086,-0.00559766651434946,-2.24023049929172,2381,0.0251678697710729
"Trips","ins",2403,-0.0179298984441249,0.0193317268485438,-0.0558386573111081,0.0199788604228583,-0.927485608740403,2381,0.353768466204684
"TripMinutes_n","ins",2404,-0.040711581468233,0.019811150084513,-0.0795604622206958,-0.00186270071577024,-2.05498324400958,2382,0.039989458894281
"TripChains","ins",2405,0.00552238678190095,0.0198267597595371,-0.0333570956307252,0.0444018691945271,0.278531986511037,2383,0.780628180714142
"MilesPerTrip_n","ins",2401,-0.0525225280320898,0.0202188436251333,-0.092170905090098,-0.0128741509740815,-2.59770187681757,2379,0.00944286992440027
"MinutesPerTrip_n","ins",2401,-0.0442664142758863,0.0197227637666833,-0.0829419977536396,-0.00559083079813306,-2.24443261601416,2379,0.0248961591428772
"MilesPerChain_n","ins",2402,-0.0705403147502739,0.019712789550709,-0.10919633090544,-0.0318842985951074,-3.57840348109112,2380,0.000352606007216656
"MinutesPerChain_n","ins",2402,-0.0593553525680265,0.0195146669515286,-0.0976228579862969,-0.0210878471497561,-3.04157650834914,2380,0.00237910688569243
"Average_speed","ins",2403,-0.0482520734942749,0.0223636679289687,-0.0921063500181758,-0.00439779697037405,-2.15760999705114,2381,0.0310578986007257
"LeftTurnCount","ins",2403,-0.0151403270298284,0.0198222373427033,-0.0540109577559837,0.0237303036963269,-0.763805153175689,2381,0.445059044068334
"RightToLeftTurnRatio_n","ins",2405,0.016302846597002,0.0213057881791128,-0.0254769513550309,0.0580826445490348,0.765183923727568,2383,0.444237803747241
"TripsAMPeak","ins",2404,-0.0461133268444007,0.0196234742969052,-0.0845941828097211,-0.0076324708790803,-2.34990634923772,2382,0.0188593389742279
"PercentTripsAMPeak_n","ins",2401,-0.0485889125192016,0.0195915673423744,-0.0870072248396075,-0.0101706001987957,-2.48009317835992,2379,0.0132035270244563
"TripsPMPeak","ins",2405,0.00375402847250873,0.0199484768908112,-0.0353641363633718,0.0428721933083893,0.188186220584988,2383,0.850746696915442
"PercentTripsPMPeak_n","ins",2402,0.0288782203756518,0.0196616966462438,-0.00967760457444242,0.067434045325746,1.46875526030297,2380,0.142031337539436
"TripsAtNight","ins",2400,-0.0263436847460176,0.0202778276868234,-0.0661077357989129,0.0134203663068777,-1.29913742008647,2378,0.194022716000913
"PercentTripsAtNight_n","ins",2399,-0.0370059042309637,0.0201621039980456,-0.0765430339892154,0.00253122552728803,-1.83541877546861,2377,0.0665685326512346
"TripsLt15Miles","ins",2402,-0.0114568619129574,0.0193678965794839,-0.0494365563211085,0.0265228324951938,-0.591538779956798,2380,0.55421565903374
"PercentDistLt15Miles_n","ins",2398,0.0106310772748793,0.0205039442952109,-0.0295763971064229,0.0508385516561814,0.518489375596012,2376,0.604165151518992
"TripsVgt60","ins",2403,-0.0407317863783515,0.021203818220925,-0.0823116430716473,0.000848070314944299,-1.92096470333608,2381,0.0548554413007895
"PercentTripsVgt60_n","ins",2399,-0.0512320326213529,0.0216764252629007,-0.0937386895852007,-0.00872537565750505,-2.36349084316208,2377,0.0181837209136984
"SpeedingPer1000Miles","ins",2397,0.0151040079157578,0.0200789870778266,-0.0242701495711466,0.0544781654026623,0.752229574988737,2375,0.451987554104057
"DecelerationPer1000Miles","ins",2402,0.0423125307111283,0.0196903755214958,0.0037004675983834,0.0809245938238732,2.14889404546583,2380,0.0317433799662062
"DaysDriving","dep",2455,-0.0265245043417683,0.0203645642309507,-0.0664581827646069,0.0134091740810703,-1.30248327638926,2433,0.192874506351153
"Miles_n","dep",2453,-0.0826803482870868,0.0210736102475603,-0.124004439973182,-0.0413562566009914,-3.92340692058965,2431,0.0000897266406171219
"Trips","dep",2453,-0.0396856728378673,0.0202676120073172,-0.0794292500896838,0.0000579044139492127,-1.95808331161755,2431,0.0503344588059787
"TripMinutes_n","dep",2454,-0.0540584027633508,0.0208574998997428,-0.0949587065810091,-0.0131580989456925,-2.59179686075498,2432,0.00960474209741536
"TripChains","dep",2455,-0.0390673606180593,0.0207562140768812,-0.0797690406943767,0.00163431945825804,-1.88220069774543,2433,0.0599280251097346
"MilesPerTrip_n","dep",2451,-0.0638185548342381,0.0213223765953563,-0.105630479627173,-0.022006630041303,-2.99303197037318,2429,0.00279004657234353
"MinutesPerTrip_n","dep",2451,-0.0375121703753747,0.0207636053594219,-0.0782283776816188,0.0032040369308694,-1.80663086809983,2429,0.0709435614442506
"MilesPerChain_n","dep",2452,-0.0446102129309195,0.0207698967267126,-0.0853387488820681,-0.00388167697977102,-2.14783027175795,2430,0.0318258470572842
"MinutesPerChain_n","dep",2452,-0.0181527677074827,0.0205306394039846,-0.0584121342352817,0.0221065988203163,-0.88417936481606,2430,0.376686867150244
"Average_speed","dep",2453,-0.0997798706396904,0.0235090997793353,-0.145879811908714,-0.053679929370667,-4.24430844125294,2431,0.0000227494559123731
"LeftTurnCount","dep",2453,-0.0320106356388016,0.0208650586373556,-0.0729257700669741,0.00890449878937086,-1.53417424772972,2431,0.12511691701168
"RightToLeftTurnRatio_n","dep",2455,-0.031036588622628,0.022396445792192,-0.0749546638604294,0.0128814866151734,-1.38578187407969,2433,0.165940524274323
"TripsAMPeak","dep",2454,-0.037518582141647,0.0206364481541969,-0.0779854167709697,0.00294825248767559,-1.81807362688122,2432,0.0691758519891169
"PercentTripsAMPeak_n","dep",2451,-0.0226350323265394,0.0206050901678872,-0.0630404006774097,0.0177703360243308,-1.09851653849183,2429,0.272087873638014
"TripsPMPeak","dep",2455,-0.0275005809957082,0.0205537961990649,-0.0678053318596898,0.0128041698682734,-1.33798062067772,2433,0.181027791837407
"PercentTripsPMPeak_n","dep",2452,-0.00707680962087464,0.0206099099769993,-0.0474916210420873,0.033338001800338,-0.343369264046878,2430,0.731350383057588
"TripsAtNight","dep",2450,-0.0167689164972471,0.0211254082608199,-0.058194606491824,0.0246567734973298,-0.793779523226893,2428,0.427401363482884
"PercentTripsAtNight_n","dep",2449,-0.0170342115580514,0.0211498627043316,-0.0585078638087769,0.024439440692674,-0.805405301972136,2427,0.420664730834113
"TripsLt15Miles","dep",2452,-0.0217807120070097,0.0203055251022707,-0.0615986427370715,0.0180372187230522,-1.07264953244544,2430,0.283534903067143
"PercentDistLt15Miles_n","dep",2448,0.0461392132681991,0.0215373716831713,0.00390566973279235,0.0883727568036058,2.14228615946907,2426,0.0322697307885318
"TripsVgt60","dep",2453,-0.0742878533789105,0.0222979974571839,-0.118012895292109,-0.0305628114657116,-3.33159305097044,2431,0.00087642361513613
"PercentTripsVgt60_n","dep",2449,-0.0624820630786358,0.0228436577861866,-0.107277149098974,-0.0176869770582975,-2.73520395303848,2427,0.0062794987730179
"SpeedingPer1000Miles","dep",2447,0.0140357090567469,0.0212362958685937,-0.0276074507448546,0.0556788688583485,0.660930189690206,2425,0.508719866951234
"DecelerationPer1000Miles","dep",2452,0.0312646155640454,0.0205968921933191,-0.00912466875524654,0.0716538998833374,1.51792878608097,2430,0.129162433562176
"DaysDriving","anx",2454,-0.00270607322281383,0.0203907973877357,-0.0426912014621281,0.0372790550165005,-0.132710515011121,2432,0.894433305506413
"Miles_n","anx",2452,-0.044606013263673,0.0211418836572018,-0.0860639935289236,-0.00314803299842233,-2.10984101449628,2430,0.0349740419057864
"Trips","anx",2452,-0.00158750908014417,0.0203110254846447,-0.041416225733902,0.0382412075736137,-0.078159966927536,2430,0.937707241406418
"TripMinutes_n","anx",2453,-0.0180644579107515,0.020900163160095,-0.0590484302124177,0.0229195143909146,-0.864321382200609,2431,0.387496641107465
"TripChains","anx",2454,-0.0112617099809282,0.0207838629729089,-0.0520176162104678,0.0294941962486115,-0.541848740804704,2432,0.587972348807059
"MilesPerTrip_n","anx",2450,-0.0600252270499903,0.021360062536552,-0.101911060354574,-0.0181393937454065,-2.81016157828533,2428,0.00499134855804061
"MinutesPerTrip_n","anx",2450,-0.0274332820981386,0.0208088083538662,-0.0682381381928047,0.0133715739965275,-1.31834950044323,2428,0.187511027062685
"MilesPerChain_n","anx",2451,-0.0262056433129821,0.0208017448958153,-0.0669966400039922,0.0145853533780281,-1.25978101569037,2429,0.207869396770689
"MinutesPerChain_n","anx",2451,0.00464399255183478,0.020549507421199,-0.0356523813061413,0.0449403664098109,0.225990455958277,2429,0.821227856852747
"Average_speed","anx",2452,-0.0927235055468976,0.0235470788298519,-0.13889793093211,-0.0465490801616855,-3.93779229334159,2430,0.0000845483270375597
"LeftTurnCount","anx",2452,-0.00524900064104057,0.0209011782771883,-0.0462349719284658,0.0357369706463847,-0.251134197863351,2430,0.801731590394644
"RightToLeftTurnRatio_n","anx",2454,-0.0207689261523717,0.022430300749054,-0.064753397913969,0.0232155456092256,-0.92593168431982,2432,0.354573354548985
"TripsAMPeak","anx",2453,-0.0109002824298263,0.0206626621470016,-0.0514185294226672,0.0296179645630145,-0.527535239761353,2431,0.597870092701604
"PercentTripsAMPeak_n","anx",2450,-0.0126063118937185,0.0206336095178786,-0.053067613318225,0.027854989530788,-0.610960088335266,2428,0.541283192484977
"TripsPMPeak","anx",2454,0.00447965023289099,0.0205830801200944,-0.0358825328888475,0.0448418333546295,0.217637506473956,2432,0.827729816396716
"PercentTripsPMPeak_n","anx",2451,0.00415074089899889,0.0206661824924067,-0.0363744259024246,0.0446759077004224,0.200847006965315,2429,0.840835021058278
"TripsAtNight","anx",2449,0.0148809316019517,0.0211361795739168,-0.0265658888248295,0.0563277520287329,0.70405020689338,2427,0.481469050970017
"PercentTripsAtNight_n","anx",2448,0.00973464083660459,0.0211756072218026,-0.0317895034576348,0.051258785130844,0.459710115258547,2426,0.64576550066807
"TripsLt15Miles","anx",2451,0.0115840573541891,0.0203335648599029,-0.0282888658583052,0.0514569805666834,0.56970125179734,2429,0.56893302316394
"PercentDistLt15Miles_n","anx",2447,0.0442492119189154,0.0215901394066202,0.00191218520709639,0.0865862386307344,2.04951024565164,2425,0.0405196075796808
"TripsVgt60","anx",2452,-0.0693605164011825,0.0223187273592401,-0.113126217386378,-0.025594815415987,-3.10772721422518,2430,0.00190712639197548
"PercentTripsVgt60_n","anx",2448,-0.0695497807301631,0.0228625497687958,-0.114381922051534,-0.0247176394087918,-3.04208329488643,2426,0.00237463280869494
"SpeedingPer1000Miles","anx",2446,-0.0217934848336725,0.0212417160138612,-0.063447281810642,0.0198603121432971,-1.02597571775516,2424,0.30500540023381
"DecelerationPer1000Miles","anx",2451,0.00346774228168001,0.0206266698909519,-0.0369799426352542,0.0439154271986142,0.168119347428019,2429,0.866503385279612
"DaysDriving","ang",2451,0.0142057640678422,0.0203195719296632,-0.0256397198325193,0.0540512479682038,0.699117290315755,2429,0.484545670040214
"Miles_n","ang",2449,-0.0246280089807103,0.0211134819887239,-0.0660303207613418,0.0167743027999212,-1.16645890023557,2427,0.243543561184619
"Trips","ang",2449,0.00618407115652525,0.0202314148508765,-0.0334885582026038,0.0458567005156543,0.30566676636841,2427,0.75988459378893
"TripMinutes_n","ang",2450,0.0026370408013202,0.0208364588168585,-0.0382220362340246,0.043496117836665,0.126558971680284,2428,0.899299950715617
"TripChains","ang",2451,-0.0032415477599749,0.0206968643868942,-0.0438268799495801,0.0373437844296303,-0.156620234803661,2429,0.875557170235804
"MilesPerTrip_n","ang",2447,-0.041259524728863,0.0212912182818171,-0.0830103842368873,0.000491334779161197,-1.93786584603752,2425,0.052755542668417
"MinutesPerTrip_n","ang",2447,-0.00805400733578291,0.0207250032046738,-0.0486945515098404,0.0325865368382746,-0.388613080357287,2425,0.697596504529858
"MilesPerChain_n","ang",2448,-0.0240283133736966,0.0206965911572245,-0.0646131347962726,0.0165565080488793,-1.16097927388923,2426,0.245764551212046
"MinutesPerChain_n","ang",2448,0.00128508598805327,0.020445148087599,-0.0388066700789202,0.0413768420550268,0.0628553034953432,2426,0.949886905083616
"Average_speed","ang",2449,-0.078161050186308,0.0234577733252052,-0.124160381107102,-0.0321617192655143,-3.33198931981854,2427,0.000875203708229251
"LeftTurnCount","ang",2449,0.00660723530740228,0.0208150774842069,-0.0342099225730174,0.047424393187822,0.31742544856801,2427,0.750948104627077
"RightToLeftTurnRatio_n","ang",2451,-0.0154769073918035,0.0223216157770264,-0.0592482813731206,0.0282944665895137,-0.693359636076723,2429,0.48815017904894
"TripsAMPeak","ang",2450,-0.0083427993228377,0.0205727873369045,-0.048684832007885,0.0319992333622096,-0.40552595942466,2428,0.685126670888981
"PercentTripsAMPeak_n","ang",2447,-0.0180717609818528,0.0205468483625798,-0.0583629537151196,0.0222194317514141,-0.879539317317655,2425,0.379196071969132
"TripsPMPeak","ang",2451,0.006264177044218,0.0204828456112651,-0.0339014769303036,0.0464298310187396,0.30582552654563,2429,0.759763699040834
"PercentTripsPMPeak_n","ang",2448,0.0111016359008744,0.0205639264223742,-0.0292230376291298,0.0514263094308786,0.539859736552814,2426,0.589343315408857
"TripsAtNight","ang",2446,0.0321106885941768,0.0210423081413088,-0.0091520808860743,0.0733734580744279,1.52600600554553,2424,0.127138828160441
"PercentTripsAtNight_n","ang",2445,0.0319676375621989,0.02107982905912,-0.00936871682646622,0.073303991950864,1.51650364301073,2423,0.129522495591509
"TripsLt15Miles","ang",2448,0.015568853396849,0.0202479359473743,-0.0241361810388868,0.0552738878325847,0.768910640438287,2426,0.442021207813291
"PercentDistLt15Miles_n","ang",2444,0.0329137724392705,0.0215027395356858,-0.00925189421257862,0.0750794390911196,1.5306780973023,2422,0.125979562518127
"TripsVgt60","ang",2449,-0.0508093462008589,0.0222761999697125,-0.0944916804044876,-0.00712701199723015,-2.28088032384074,2427,0.0226418330628081
"PercentTripsVgt60_n","ang",2445,-0.057417084215695,0.0227849247328663,-0.102097034932342,-0.0127371334990479,-2.51995935421604,2423,0.0118006281839245
"SpeedingPer1000Miles","ang",2443,-0.0152648278830711,0.0211399491608376,-0.0567190915111657,0.0261894357450235,-0.722084417844752,2421,0.470312314467218
"DecelerationPer1000Miles","ang",2448,-0.00196770889678462,0.0205343276221711,-0.0422343408869313,0.0382989230933621,-0.0958253385740308,2426,0.923667207177796
